2018-02-07 23:59:56,RT @MichaelVaughan: Yet another üíØ for @imVkohli ... the hunger &amp; consistency is remarkable ... the Greatest ever ODI player ??? #SAvIND
2018-02-07 23:59:05,"RT @pessimystiqueM: Dhoni's stump mic chatter. 
#SAvIND https://t.co/CSo0IHQSUx"
2018-02-07 23:58:29,RT @iamvivan: Kohli does it again ! Scoring hundreds as if playing in his backyard. @imVkohli #Legend #INDvSA
2018-02-07 23:58:10,"#TeamIndia win the 3rd ODI by 124 runs. Lead the six-match ODI series 
3-0 #SAvIND 
#34th #ODI century 
#12th as ca‚Ä¶ https://t.co/K9C3H7HCJ5"
2018-02-07 23:58:06,"RT @OfficialCSA: #CSAnews Mandhana and Yadav seal ODI series for India women https://t.co/534hAvnP9o

#ProteasWomen #SAvIND https://t.co/3o‚Ä¶"
2018-02-07 23:58:05,RT @BCCIWomen: .@vedakmurthy08 scores a sparkling fifty in the 2nd ODI against South Africa #SAvIND https://t.co/EfPX9QivAv
2018-02-07 23:58:00,"‚ÄúWe‚Äôve noticed they‚Äôve probably bowled a touch slower than our spinners, and I think that‚Äôs where they‚Äôve been quit‚Ä¶ https://t.co/KjckvF20Xg"
2018-02-07 23:57:55,"Team India Won 3rd ODI By 124 Runs &amp; Lead The Series 3-0!
Take a bow.@imVkohli you are the best odi batsman in the‚Ä¶ https://t.co/jTyH3vwz9a"
2018-02-07 23:57:34,"RT @ChennaiIPL: A quadruple century of a different kind. üíõü¶Å
#WhistlePodu #Thala400Dismissals #SAvIND https://t.co/uG9DdS3s98"
2018-02-07 23:56:42,"RT @BCCI: #TeamIndia win the 3rd ODI by 124 runs. Lead the six-match ODI series 
3-0 #SAvIND https://t.co/AVqQopWgHv"
2018-02-07 23:56:37,RT @harbhajan_singh: Congratulations @msdhoni 1st Indian and fourth wicketkeeper to effect 400 dismissals #SAvIND that‚Äôs BIG number #400 üëä‚Ä¶
2018-02-07 23:56:13,RT @BCCI: Man or machine? @imVkohli gets to his 34th ODI ton. Stand up and salute the master #TeamIndia #SAvIND https://t.co/LYnYT8k6Bx
2018-02-07 23:56:04,RT @harbhajan_singh: Congratulations @msdhoni 1st Indian and fourth wicketkeeper to effect 400 dismissals #SAvIND that‚Äôs BIG number #400 üëä‚Ä¶
2018-02-07 23:55:59,RT @BCCI: Man or machine? @imVkohli gets to his 34th ODI ton. Stand up and salute the master #TeamIndia #SAvIND https://t.co/LYnYT8k6Bx
2018-02-07 23:55:55,RT @ICC: Virat Kohli is Player of the Match for his superb 160* from just 159 balls! #SAvIND https://t.co/tvyI0J6VNz
2018-02-07 23:55:44,"RT @brainfadesmith: @ICC Live scenes from Pakistan! üòÇ

#SAvIND https://t.co/xfUl0eWysX"
2018-02-07 23:55:36,"RT @ChennaiIPL: A quadruple century of a different kind. üíõü¶Å
#WhistlePodu #Thala400Dismissals #SAvIND https://t.co/uG9DdS3s98"
2018-02-07 23:55:25,"RT @manishasang: He ~ well played today 
He ~ well played today üòÄ
#ModiHitsBack 
#INDvSA 
#INDvsSA https://t.co/wiI4bAAF5y"
2018-02-07 23:55:13,"A massive ton by @imVkohli and it has become a common thing scoring centuries, hats off VK on leading from the fron‚Ä¶ https://t.co/6I3RgX50qQ"
2018-02-07 23:55:08,"RT @ICC: India captain Virat Kohli battled through cramp to post 160*, his second-highest ODI score. #SAvIND https://t.co/khcRyKg35a"
2018-02-07 23:54:52,"RT @mohanstatsman: Virat Kohli - batting average
53.40 in Tests
57.34 in ODIs
52.86 in T20Is
--
55.45 in all international formats
#SAvInd"
2018-02-07 23:54:49,"RT @SirJadeja: Great To See Virat Kohli &amp; Rohit Sharma Both Playing To Their Potential On Foreign PitchesüôàüôÉüôä 

#INDvSA #INDvsSA #SAvIND #SA‚Ä¶"
2018-02-07 23:54:21,"RT @imjsk27: ODIs üíØ as a Captain
VIRAT KOHLI : 12  (in 46 Matches)
All Pakistani captains : 12 (in 889 Matches)
@imVkohli
#SAvIND"
2018-02-07 23:54:16,"RT @ChennaiIPL: A quadruple century of a different kind. üíõü¶Å
#WhistlePodu #Thala400Dismissals #SAvIND https://t.co/uG9DdS3s98"
2018-02-07 23:53:55,"RT @BCCI: #TeamIndia win the 3rd ODI by 124 runs. Lead the six-match ODI series 
3-0 #SAvIND https://t.co/AVqQopWgHv"
2018-02-07 23:53:47,"RT @ChennaiIPL: A quadruple century of a different kind. üíõü¶Å
#WhistlePodu #Thala400Dismissals #SAvIND https://t.co/uG9DdS3s98"
2018-02-07 23:53:30,RT @ICC: Virat Kohli is Player of the Match for his superb 160* from just 159 balls! #SAvIND https://t.co/tvyI0J6VNz
2018-02-07 23:53:27,"RT @mohanstatsman: Virat Kohli - batting average
53.40 in Tests
57.34 in ODIs
52.86 in T20Is
--
55.45 in all international formats
#SAvInd"
2018-02-07 23:53:01,RT @MichaelVaughan: Yet another üíØ for @imVkohli ... the hunger &amp; consistency is remarkable ... the Greatest ever ODI player ??? #SAvIND
2018-02-07 23:52:56,"RT @BCCI: #TeamIndia win the 3rd ODI by 124 runs. Lead the six-match ODI series 
3-0 #SAvIND https://t.co/AVqQopWgHv"
2018-02-07 23:52:49,RT @BCCI: Man or machine? @imVkohli gets to his 34th ODI ton. Stand up and salute the master #TeamIndia #SAvIND https://t.co/LYnYT8k6Bx
2018-02-07 23:52:47,"RT @toisports: #INDvSA #SAvIND  üèè üáøüá¶vüáÆüá≥

Days after Centurion lunch farce, @imVkohli endorses umpire #AleemDar's restaurant 

CLICK HERE TO‚Ä¶"
2018-02-07 23:52:36,RT @vijayshankar260: Champion @imVkohli stamps his class yet again!! 34 ODI hundreds &amp; counting #RunMachine .. @BCCI üôè#SAvIND https://t.co/‚Ä¶
2018-02-07 23:52:34,"RT @ChennaiIPL: A quadruple century of a different kind. üíõü¶Å
#WhistlePodu #Thala400Dismissals #SAvIND https://t.co/uG9DdS3s98"
2018-02-07 23:52:17,RT @vijayshankar260: Champion @imVkohli stamps his class yet again!! 34 ODI hundreds &amp; counting #RunMachine .. @BCCI üôè#SAvIND https://t.co/‚Ä¶
2018-02-07 23:52:08,RT @RCBTweets: MS Dhoni is the 1st Indian keeper to effect 400 ODI dismissals! Congratulations Mahi üöÅ üôåüëè #PlayBold #SAvIND
2018-02-07 23:52:03,"RT @ESPNcricinfo: An ODI century machine like no other: Virat Kohli gets to No. 34! 

https://t.co/Of1MO3rmIP #SAvIND https://t.co/uLxuIaSi‚Ä¶"
2018-02-07 23:51:54,"RT @bet365: Virat Kohli has now scored more ODI centuries (34) than David Warner, Joe Root and Steve Smith combined.

üëè 

#SAvIND https://t‚Ä¶"
2018-02-07 23:51:49,RT @iamyusufpathan: Another masterclass from the modern-day master. What a knock @imVkohli. Amazes me every time I watch him bat. #SAvIND
2018-02-07 23:51:45,"#TeamIndia win the 3rd ODI by 124 runs. Lead the six-match ODI series 
3-0 #SAvIND 
#34th #ODI century 
#12th as ca‚Ä¶ https://t.co/hzYFHduOyR"
2018-02-07 23:51:38,RT @Cricketracker: .@imVkohli brings up his 34th ODI century. #SAvIND https://t.co/NZYGXdUFXr
2018-02-07 23:51:29,I have no words üò≠üòµ #SAvIND
2018-02-07 23:51:26,"RT @mohanstatsman: Virat Kohli - batting average
53.40 in Tests
57.34 in ODIs
52.86 in T20Is
--
55.45 in all international formats
#SAvInd"
2018-02-07 23:51:15,"RT @Saj_PakPassion: Virat Kohli so far in the ODI series against South Africa:
Innings 3
Runs 318
Average 318
#Cricket #SAvIND"
2018-02-07 23:50:47,RT @RCBTweets: 1‚É£5‚É£0‚É£ for skipper @imVkohli üôåüî• Carrying his penchant for daddy hundreds in Test Cricket onto ODIs now! üëè #PlayBold #SAvIND
2018-02-07 23:50:39,"RT @imjsk27: ODIs üíØ as a Captain
VIRAT KOHLI : 12  (in 46 Matches)
All Pakistani captains : 12 (in 889 Matches)
@imVkohli
#SAvIND"
2018-02-07 23:50:35,"RT @mohanstatsman: Virat Kohli - batting average
53.40 in Tests
57.34 in ODIs
52.86 in T20Is
--
55.45 in all international formats
#SAvInd"
2018-02-07 23:50:07,RT @harbhajan_singh: Congratulations @msdhoni 1st Indian and fourth wicketkeeper to effect 400 dismissals #SAvIND that‚Äôs BIG number #400 üëä‚Ä¶
2018-02-07 23:49:34,"RT @Being_Humor: ‚ÄúWell played! Opposition stunned‚Äù
‚ÄúHaha! Same to you‚Äù

#INDvSA #ModiHitsBack https://t.co/u8ocHWfd6y"
2018-02-07 23:49:11,"RT @ChennaiIPL: A quadruple century of a different kind. üíõü¶Å
#WhistlePodu #Thala400Dismissals #SAvIND https://t.co/uG9DdS3s98"
2018-02-07 23:49:10,RT @ICC: Virat Kohli is Player of the Match for his superb 160* from just 159 balls! #SAvIND https://t.co/tvyI0J6VNz
2018-02-07 23:49:01,RT @harbhajan_singh: Congratulations @msdhoni 1st Indian and fourth wicketkeeper to effect 400 dismissals #SAvIND that‚Äôs BIG number #400 üëä‚Ä¶
2018-02-07 23:48:56,"RT @bet365: Virat Kohli has now scored more ODI centuries (34) than David Warner, Joe Root and Steve Smith combined.

üëè 

#SAvIND https://t‚Ä¶"
2018-02-07 23:48:51,"RT @RoflGandhi_: If Sardar Patel would have been the opener for South Africa, they would have won the series already. #INDvSA"
2018-02-07 23:48:43,RT @BCCI: 3rd ODI. It's all over! India won by 124 runs https://t.co/EiLC39HcbG #SAvInd #TeamIndia
2018-02-07 23:48:14,"RT @ElangoStrTrish: Rohit Sharma 
Meaning of Flat track bully

Once again fails to Score 
Very rare too Seeeüòè

#SAvIND #INDvSA"
2018-02-07 23:48:14,RT @MichaelVaughan: Yet another üíØ for @imVkohli ... the hunger &amp; consistency is remarkable ... the Greatest ever ODI player ??? #SAvIND
2018-02-07 23:48:06,"RT @cricbuzz: Virat Kohli is the Player of the Match for his majestic 160*

""If you lead from the front, it feels better""

#SAvIND"
2018-02-07 23:48:05,RT @supersampangi: most centuries by indian batsmen in ODI #INDvSA https://t.co/Rk6XHrl50L
2018-02-07 23:48:00,"RT @ChennaiIPL: A quadruple century of a different kind. üíõü¶Å
#WhistlePodu #Thala400Dismissals #SAvIND https://t.co/uG9DdS3s98"
2018-02-07 23:47:41,"In Cricket, #TeamIndia defeat South Africa by 124 runs in the third ODI to take an unassailable 3-0 lead in the six‚Ä¶ https://t.co/OKFWTog57s"
2018-02-07 23:47:38,"RT @msdfanofficial: MSD - Serving Nation Since Decade üòé!
#SAvIND #Dhoni https://t.co/4R4ImhKSpy"
2018-02-07 23:47:33,"RT @BCCI: #TeamIndia win the 3rd ODI by 124 runs. Lead the six-match ODI series 
3-0 #SAvIND https://t.co/AVqQopWgHv"
2018-02-07 23:47:25,"RT @Saj_PakPassion: Virat Kohli so far in the ODI series against South Africa:
Innings 3
Runs 318
Average 318
#Cricket #SAvIND"
2018-02-07 23:47:08,"RT @ChennaiIPL: A quadruple century of a different kind. üíõü¶Å
#WhistlePodu #Thala400Dismissals #SAvIND https://t.co/uG9DdS3s98"
2018-02-07 23:46:56,Don‚Äôt know if Virat Kohli is too good or others are not good enough..ü§îWhat a player.. Scoring 100‚Äôs for fun üëèüèºüëèüèºüëèüèº#INDvSA #SAvInd #Kohli
2018-02-07 23:46:54,"RT @cricbuzz: Virat Kohli is the Player of the Match for his majestic 160*

""If you lead from the front, it feels better""

#SAvIND"
2018-02-07 23:46:43,"RT @KeepEat_Simple: Who Is The Greatest Batsman???

Like For Sachin Tendulkar 
Retweet For Virat Kohli

#Kohli 
#SAvIND 
#INDvSA 
#INDvsSA‚Ä¶"
2018-02-07 23:46:26,"RT @ICC: India captain Virat Kohli battled through cramp to post 160*, his second-highest ODI score. #SAvIND https://t.co/khcRyKg35a"
2018-02-07 23:46:09,"RT @ICC: India captain Virat Kohli battled through cramp to post 160*, his second-highest ODI score. #SAvIND https://t.co/khcRyKg35a"
2018-02-07 23:46:05,RT @ICC: Virat Kohli is Player of the Match for his superb 160* from just 159 balls! #SAvIND https://t.co/tvyI0J6VNz
2018-02-07 23:45:39,RT @MichaelVaughan: Yet another üíØ for @imVkohli ... the hunger &amp; consistency is remarkable ... the Greatest ever ODI player ??? #SAvIND
2018-02-07 23:45:31,RT @ICC: Virat Kohli is Player of the Match for his superb 160* from just 159 balls! #SAvIND https://t.co/tvyI0J6VNz
2018-02-07 23:45:16,"RT @BCCI: #TeamIndia win the 3rd ODI by 124 runs. Lead the six-match ODI series 
3-0 #SAvIND https://t.co/AVqQopWgHv"
2018-02-07 23:45:11,RT @MichaelVaughan: Yet another üíØ for @imVkohli ... the hunger &amp; consistency is remarkable ... the Greatest ever ODI player ??? #SAvIND
2018-02-07 23:45:03,"RT @mohanstatsman: Virat Kohli - batting average
53.40 in Tests
57.34 in ODIs
52.86 in T20Is
--
55.45 in all international formats
#SAvInd"
2018-02-07 23:44:34,"Happy Birthday üéÇ Mohammad Azharuddin (8 February 1963) is an Indian politician and former cricketer. 
#Cricket üèè‚Ä¶ https://t.co/6P6Qjz363i"
2018-02-07 23:44:32,RT @sambitbal: What the men can do women are doing even better. Pity they are not on TV. #INDvSA
2018-02-07 23:44:29,"RT @_Tahasildar: Juhlam Goswami becomes 1st woman in the world to take 200 ODI wickets! üëå
#JhulanGoswami
#INDvSA

https://t.co/g4Sz30hXoV h‚Ä¶"
2018-02-07 23:44:23,Kim Kardashian Just Uploaded A Pics And She's Wearing Nothing......Exposes The Monkey[pics] - #GHToday‚Ä¶ https://t.co/V40puvYB5i
2018-02-07 23:44:02,RT @cricketaakash: Wrist Spin vs SA and the REST is history.... #SAvIND
2018-02-07 23:43:53,RT @BCCI: Man or machine? @imVkohli gets to his 34th ODI ton. Stand up and salute the master #TeamIndia #SAvIND https://t.co/LYnYT8k6Bx
2018-02-07 23:43:53,RT @cricketaakash: It would've been twice in three innings...Dhawan needs to start saying NO to a run that he can't complete. #SAvIND
2018-02-07 23:43:45,"RT @cricketaakash: Pandya ahead of Dhoni and Kedar, and Markram has made the right bowling change--Kagiso Rabada in action. #SAvIND"
2018-02-07 23:43:43,"RT @cricketaakash: Death, Taxes and Kohli scoring an ODI Hundred... #34 #SAvIND"
2018-02-07 23:43:40,RT @MichaelVaughan: Yet another üíØ for @imVkohli ... the hunger &amp; consistency is remarkable ... the Greatest ever ODI player ??? #SAvIND
2018-02-07 23:43:31,"RT @SirJadeja: Great To See Virat Kohli &amp; Rohit Sharma Both Playing To Their Potential On Foreign PitchesüôàüôÉüôä 

#INDvSA #INDvsSA #SAvIND #SA‚Ä¶"
2018-02-07 23:43:30,"Part of most wins in Women's #ODI #Cricket:

109 - @M_Raj03 (#India)*
108 - Karen Rolton (Australia)
107 - Alex Bla‚Ä¶ https://t.co/vs2LUV66mN"
2018-02-07 23:43:30,RT @vijayshankar260: Champion @imVkohli stamps his class yet again!! 34 ODI hundreds &amp; counting #RunMachine .. @BCCI üôè#SAvIND https://t.co/‚Ä¶
2018-02-07 23:43:19,RT @ICC: Virat Kohli is Player of the Match for his superb 160* from just 159 balls! #SAvIND https://t.co/tvyI0J6VNz
2018-02-07 23:43:10,RT @cricketaakash: 170/3 after 30 overs. 265/6 after 46 overs. #SAvIND
2018-02-07 23:43:10,"RT @BCCI: #TeamIndia win the 3rd ODI by 124 runs. Lead the six-match ODI series 
3-0 #SAvIND https://t.co/AVqQopWgHv"
2018-02-07 23:43:07,RT @cricketaakash: 4 boundaries in the last 8.2 overs....this is quite a comeback from SA. #SAvIND
2018-02-07 23:43:03,"RT @mohanstatsman: Virat Kohli - batting average
53.40 in Tests
57.34 in ODIs
52.86 in T20Is
--
55.45 in all international formats
#SAvInd"
2018-02-07 23:43:03,RT @cricketaakash: Twice in Three innings Amla has missed a delivery that he would‚Äôve clipped for a boundary back in the day.... #SAvIND
2018-02-07 23:43:01,RT @cricketaakash: Indian Women have won the second ODI by 178 runs. Proper thumping in two consecutive games. #SAvIND @BCCIWomen
2018-02-07 23:42:58,RT @cricketaakash: Shot Of The Match. Unbelievable shot by Markram. #SAvIND
2018-02-07 23:42:50,RT @cricketaakash: Shot Of The Match. Unbelievable shot by Markram. #SAvIND
2018-02-07 23:42:47,"RT @cricketaakash: Like Indians were taking on Amla's arm, SA batters doing the same with Kedar. #SAvIND"
2018-02-07 23:42:46,"RT @cricbuzz: 5-1-9-1

^Kuldeep Yadav's figures so far. #SAvIND"
2018-02-07 23:42:45,"RT @TeamAakash: Aakash Chopra Keeping His Selfie Game Strong üòâ , Today at @ESPNcricinfo! #SAvIND https://t.co/gATPUMPF8N"
2018-02-07 23:42:37,"RT @cricketaakash: If SA aren't going to attack Pandya, they can bid goodbye to their chances of making a match of it... #SAvIND"
2018-02-07 23:42:31,RT @cricketaakash: Wrist Spin vs SA and the REST is history.... #SAvIND
2018-02-07 23:42:29,RT @sagarcasm: MS Dhoni now has 400 dismissals in ODIs. They only person who can break this record is Shivraj Singh Chouhan. #SAvIND
2018-02-07 23:42:28,RT @cricketaakash: Draw isn‚Äôt really an option in a One-Day game.... #SAvIND
2018-02-07 23:42:24,RT @cricketaakash: SA trails Kohli by 10 runs....four wickets to go. #SAvIND
2018-02-07 23:42:19,"RT @cricketaakash: Spin Twin....Spin To Win. 
Happened in India, now happening in SA too. üòäüôåüôèüèè #SAvIND #Kuldeep #Chahal"
2018-02-07 23:42:09,"RT @ICC: India captain Virat Kohli battled through cramp to post 160*, his second-highest ODI score. #SAvIND https://t.co/khcRyKg35a"
2018-02-07 23:42:08,RT @ICC: Virat Kohli is Player of the Match for his superb 160* from just 159 balls! #SAvIND https://t.co/tvyI0J6VNz
2018-02-07 23:41:40,"RT @jatinsapru: Well, so it wasn't all about the surfaces in India right? Spin is clearly SA's Achilles heel even at home. #IndvSA"
2018-02-07 23:41:35,"RT @cricbuzz: Virat Kohli is the Player of the Match for his majestic 160*

""If you lead from the front, it feels better""

#SAvIND"
2018-02-07 23:41:29,RT @sagarcasm: MS Dhoni now has 400 dismissals in ODIs. They only person who can break this record is Shivraj Singh Chouhan. #SAvIND
2018-02-07 23:41:25,RT @harbhajan_singh: Congratulations @msdhoni 1st Indian and fourth wicketkeeper to effect 400 dismissals #SAvIND that‚Äôs BIG number #400 üëä‚Ä¶
2018-02-07 23:41:04,"RT @bet365: Virat Kohli has now scored more ODI centuries (34) than David Warner, Joe Root and Steve Smith combined.

üëè 

#SAvIND https://t‚Ä¶"
2018-02-07 23:40:59,"RT @ChennaiIPL: A quadruple century of a different kind. üíõü¶Å
#WhistlePodu #Thala400Dismissals #SAvIND https://t.co/uG9DdS3s98"
2018-02-07 23:40:53,RT @harbhajan_singh: Congratulations @msdhoni 1st Indian and fourth wicketkeeper to effect 400 dismissals #SAvIND that‚Äôs BIG number #400 üëä‚Ä¶
2018-02-07 23:40:39,"RT @BCCI: #TeamIndia win the 3rd ODI by 124 runs. Lead the six-match ODI series 
3-0 #SAvIND https://t.co/AVqQopWgHv"
2018-02-07 23:40:36,RT @ViratGang: [MATCH RESULT] #TeamIndia beat @OfficialCSA by 124 runs in the 3rd ODI &amp; lead the #SAvIND ODI Series by 3-0! üáÆüá≥ (Pic Courtes‚Ä¶
2018-02-07 23:40:30,RT @harbhajan_singh: Congratulations @msdhoni 1st Indian and fourth wicketkeeper to effect 400 dismissals #SAvIND that‚Äôs BIG number #400 üëä‚Ä¶
2018-02-07 23:40:15,@msdhoni you are an ultimate Legend ! #400dismissals #FirsteverIndian #Msdhoni #INDvSA
2018-02-07 23:39:51,"RT @iArshit: WORLD RECORD!
Indian fast bowler #JhulanGoswami becomes the first woman cricketer to take 200 #ODI wickets.
#JhulanGoswami #Jh‚Ä¶"
2018-02-07 23:39:44,"RT @ChennaiIPL: A quadruple century of a different kind. üíõü¶Å
#WhistlePodu #Thala400Dismissals #SAvIND https://t.co/uG9DdS3s98"
2018-02-07 23:39:30,RT @BCCI: Hitman @ImRo45 taking a close look at the pitch before the start of the 3rd ODI #TeamIndia #SAvIND https://t.co/tyqCumKR5g
2018-02-07 23:39:28,"RT @BCCI: #TeamIndia win the 3rd ODI by 124 runs. Lead the six-match ODI series 
3-0 #SAvIND https://t.co/AVqQopWgHv"
2018-02-07 23:39:26,"RT @cricbuzz: South Africa captains losing their first two ODIs in charge:

Clive Rice
Hansie Cronje
Aiden Markram *

#SAvIND"
2018-02-07 23:39:23,"RT @TheCricApp: Most successive #ODI away wins for #India:

9 - 2017-2018*
8 - 1985
8 - 2003
8 - 2012-2013
8 - 2013

#SAvIND #INDvSA #Crick‚Ä¶"
2018-02-07 23:39:09,"RT @cricbuzz: Virat Kohli is the Player of the Match for his majestic 160*

""If you lead from the front, it feels better""

#SAvIND"
2018-02-07 23:39:07,"RT @ChennaiIPL: A quadruple century of a different kind. üíõü¶Å
#WhistlePodu #Thala400Dismissals #SAvIND https://t.co/uG9DdS3s98"
2018-02-07 23:39:01,"RT @cricketaakash: Spin Twin....Spin To Win. 
Happened in India, now happening in SA too. üòäüôåüôèüèè #SAvIND #Kuldeep #Chahal"
2018-02-07 23:39:00,RT @harbhajan_singh: Congratulations @msdhoni 1st Indian and fourth wicketkeeper to effect 400 dismissals #SAvIND that‚Äôs BIG number #400 üëä‚Ä¶
2018-02-07 23:38:37,"RT @BCCI: #TeamIndia win the 3rd ODI by 124 runs. Lead the six-match ODI series 
3-0 #SAvIND https://t.co/AVqQopWgHv"
2018-02-07 23:38:30,#ViratKohli #INDvSA #Legend keeps growing.
2018-02-07 23:38:30,"Most successive #ODI away wins for #India:

9 - 2017-2018*
8 - 1985
8 - 2003
8 - 2012-2013
8 - 2013

#SAvIND #INDvSA #Cricket"
2018-02-07 23:38:23,"RT @BCCI: #TeamIndia win the 3rd ODI by 124 runs. Lead the six-match ODI series 
3-0 #SAvIND https://t.co/AVqQopWgHv"
2018-02-07 23:37:50,RT @ZAbbasOfficial: What a player @imVkohli! #SAvIND
2018-02-07 23:37:43,RT @BCCI: Man or machine? @imVkohli gets to his 34th ODI ton. Stand up and salute the master #TeamIndia #SAvIND https://t.co/LYnYT8k6Bx
2018-02-07 23:37:12,RT @BCCI: Hitman @ImRo45 taking a close look at the pitch before the start of the 3rd ODI #TeamIndia #SAvIND https://t.co/tyqCumKR5g
2018-02-07 23:36:59,"Someone asked me is Virat the New Sachin @sachin_rt 
I Replied : Virat is a star, Sachin is an emotion!

#INDvSA"
2018-02-07 23:36:59,"RT @imjsk27: ODIs üíØ as a Captain
VIRAT KOHLI : 12  (in 46 Matches)
All Pakistani captains : 12 (in 889 Matches)
@imVkohli
#SAvIND"
2018-02-07 23:36:37,"RT @VijayFansTrends: Captain Leading From The Front üòâüí™ 
#SAvIND https://t.co/GDvLYzyBz0"
2018-02-07 23:36:33,"RT @ChennaiIPL: Bumrah be like ""Why should batsmen have all the fun?""
#FirstBallWickets #WhistlePodu #SAvIND ü¶Åüíõ"
2018-02-07 23:36:31,REPORT &amp; HIGHLIGHTS: India take an unassailable 3-0 series lead over South Africa with a crushing 124-run win in 3r‚Ä¶ https://t.co/9he6pHjhAO
2018-02-07 23:36:09,"RT @cricbuzz: Virat Kohli is the Player of the Match for his majestic 160*

""If you lead from the front, it feels better""

#SAvIND"
2018-02-07 23:36:05,RT @BCCIWomen: 2nd ODI: @mandhana_smriti  scores first century of the ODI series #SAvIND https://t.co/HIALaFArvk
2018-02-07 23:36:03,"RT @Pranjultweet: Hardik Pandya is the second Gujarati after Mahatma Gandhi, thrashing South Africa when no one was there. #INDvSA #SAvIND"
2018-02-07 23:35:21,"RT @cricbuzz: Virat Kohli is the Player of the Match for his majestic 160*

""If you lead from the front, it feels better""

#SAvIND"
2018-02-07 23:34:49,"RT @BCCI: Innings Break! #TeamIndia 303/6 in 50 overs (Virat Kohli 160*, Dhawan 76). 

Updates - https://t.co/EiLC39HcbG #SAvIND https://t.‚Ä¶"
2018-02-07 23:34:26,RT @vijayshankar260: Champion @imVkohli stamps his class yet again!! 34 ODI hundreds &amp; counting #RunMachine .. @BCCI üôè#SAvIND https://t.co/‚Ä¶
2018-02-07 23:34:07,"RT @cricbuzz: Kohli batting on 139* off 151 balls

First time he has faced 150 balls in an innings in ODIs. #SAvIND"
2018-02-07 23:33:56,RT @cricketaakash: Draw isn‚Äôt really an option in a One-Day game.... #SAvIND
2018-02-07 23:33:37,"RT @jatinsapru: Well, so it wasn't all about the surfaces in India right? Spin is clearly SA's Achilles heel even at home. #IndvSA"
2018-02-07 23:33:13,RT @gauravkalra75: Once two fellows called Kuldeep and Yuzuvendra came to South Africa. The wrist is history #SAvIND
2018-02-07 23:33:01,RT @iamyusufpathan: Another masterclass from the modern-day master. What a knock @imVkohli. Amazes me every time I watch him bat. #SAvIND
2018-02-07 23:32:56,"RT @BCCI: #TeamIndia win the 3rd ODI by 124 runs. Lead the six-match ODI series 
3-0 #SAvIND https://t.co/AVqQopWgHv"
2018-02-07 23:32:50,RT @cricketaakash: 170/3 after 30 overs. 265/6 after 46 overs. #SAvIND
2018-02-07 23:32:44,"RT @BCCI: #TeamIndia win the 3rd ODI by 124 runs. Lead the six-match ODI series 
3-0 #SAvIND https://t.co/AVqQopWgHv"
2018-02-07 23:32:01,"WORLD RECORD!
Indian fast bowler #JhulanGoswami becomes the first woman cricketer to take 200 #ODI wickets.‚Ä¶ https://t.co/yhBD8CfIp6"
2018-02-07 23:31:33,RT @MichaelVaughan: Yet another üíØ for @imVkohli ... the hunger &amp; consistency is remarkable ... the Greatest ever ODI player ??? #SAvIND
2018-02-07 23:31:31,"Virat Kohli so far in the ODI series against South Africa:
Innings 3
Runs 318
Average 318
#Cricket #SAvIND"
2018-02-07 23:31:28,RT @ICC: Virat Kohli is Player of the Match for his superb 160* from just 159 balls! #SAvIND https://t.co/tvyI0J6VNz
2018-02-07 23:31:14,"RT @SirJadeja: India Beat South Africa By 124 Runs, This is India's Biggest Win Against South Africa In South Africa. üí™üôèüáÆüá≥¬†#INDvSA #INDvsSA‚Ä¶"
2018-02-07 23:31:08,RT @MichaelVaughan: Yet another üíØ for @imVkohli ... the hunger &amp; consistency is remarkable ... the Greatest ever ODI player ??? #SAvIND
2018-02-07 23:31:00,"RT @CricketopiaCom: Most Runs in #SAvIND ODI Series so far

318 Kohli at an average of 318 (St Rt 96.95)
162 Dhawan at an average of 81 (St‚Ä¶"
2018-02-07 23:30:01,"RT @greymind43: They are told to go for wickets at all times. They have executed their roles: @imVkohli 

#SAvIND"
2018-02-07 23:29:52,"RT @ICC: India captain Virat Kohli battled through cramp to post 160*, his second-highest ODI score. #SAvIND https://t.co/khcRyKg35a"
2018-02-07 23:29:32,"RT @imjsk27: ODIs üíØ as a Captain
VIRAT KOHLI : 12  (in 46 Matches)
All Pakistani captains : 12 (in 889 Matches)
@imVkohli
#SAvIND"
2018-02-07 23:29:26,RT @RoflGandhi_: Hardik Pandya is turning out to be another Kumar Gaurav üòì #INDvSA
2018-02-07 23:29:00,"RT @greymind43: We have always maintained the intensity right from the start of the series: @imVkohli 

#SAvIND"
2018-02-07 23:28:51,RT @harbhajan_singh: Congratulations @msdhoni 1st Indian and fourth wicketkeeper to effect 400 dismissals #SAvIND that‚Äôs BIG number #400 üëä‚Ä¶
2018-02-07 23:28:32,"RT @munna_singh302: South Africa v/s India, 3rd ODI: Virat Kohli's 34th ton powers visitors to 303 at Newlands 
#SAvIND #INDvSA#SAvIND @BCC‚Ä¶"
2018-02-07 23:28:11,"RT @BCCI: #TeamIndia win the 3rd ODI by 124 runs. Lead the six-match ODI series 
3-0 #SAvIND https://t.co/AVqQopWgHv"
2018-02-07 23:27:32,"#India üáÆüá≥Ô∏è : 303/6 (50 ov)
#SouthAfrica üáøüá¶Ô∏è : 179 (40 ov)
India won by 124 runs 
Player of the match : Virat Kohli‚Ä¶ https://t.co/tkbK5FEsGN"
2018-02-07 23:27:22,"RT @cricbuzz: Virat Kohli is the Player of the Match for his majestic 160*

""If you lead from the front, it feels better""

#SAvIND"
2018-02-07 23:27:22,"RT @mohanstatsman: India now... 
#1 in Tests
#1 in ODIs
#3 in T20Is
#SAvInd"
2018-02-07 23:26:50,"RT @mohanstatsman: Virat Kohli - batting average
53.40 in Tests
57.34 in ODIs
52.86 in T20Is
--
55.45 in all international formats
#SAvInd"
2018-02-07 23:26:42,RT @RCBTweets: MS Dhoni is the 1st Indian keeper to effect 400 ODI dismissals! Congratulations Mahi üöÅ üôåüëè #PlayBold #SAvIND
2018-02-07 23:26:34,"RT @ESPNcricinfo: India go 3-0 up as Kohli and wristspinners overwhelm South Africa 

https://t.co/9GO1p71LHs #SAvIND https://t.co/FluTOYGU‚Ä¶"
2018-02-07 23:26:32,RT @harbhajan_singh: Congratulations @msdhoni 1st Indian and fourth wicketkeeper to effect 400 dismissals #SAvIND that‚Äôs BIG number #400 üëä‚Ä¶
2018-02-07 23:26:28,RT @harbhajan_singh: Congratulations @msdhoni 1st Indian and fourth wicketkeeper to effect 400 dismissals #SAvIND that‚Äôs BIG number #400 üëä‚Ä¶
2018-02-07 23:26:17,"RT @BCCI: #TeamIndia win the 3rd ODI by 124 runs. Lead the six-match ODI series 
3-0 #SAvIND https://t.co/AVqQopWgHv"
2018-02-07 23:26:08,RT @harbhajan_singh: Congratulations @msdhoni 1st Indian and fourth wicketkeeper to effect 400 dismissals #SAvIND that‚Äôs BIG number #400 üëä‚Ä¶
2018-02-07 23:26:04,"WORLD RECORD!
Indian fast bowler #JhulanGoswami becomes the first woman cricketer to take 200 #ODI wickets.‚Ä¶ https://t.co/Hy0GBOIcWc"
2018-02-07 23:25:54,RT @vikrantgupta73: Virat Kohli is meanwhile 15 shy of Sachin Tendulkar‚Äôs 49 ODI 100s! Such an impact player in this format #INDvSA
2018-02-07 23:25:37,"RT @OdishaInsight: It's 2-0 now. 4 more to come. Go India Go. #INDvSA #2ndODI #YuzvendraChahal 

https://t.co/KsvZte5GhE"
2018-02-07 23:25:12,"RT @BCCI: #TeamIndia win the 3rd ODI by 124 runs. Lead the six-match ODI series 
3-0 #SAvIND https://t.co/AVqQopWgHv"
2018-02-07 23:25:07,"RT @RoflGandhi_: If Sardar Patel would have been the opener for South Africa, they would have won the series already. #INDvSA"
2018-02-07 23:25:05,RT @ICC: Virat Kohli is Player of the Match for his superb 160* from just 159 balls! #SAvIND https://t.co/tvyI0J6VNz
2018-02-07 23:25:01,RT @harbhajan_singh: Congratulations @msdhoni 1st Indian and fourth wicketkeeper to effect 400 dismissals #SAvIND that‚Äôs BIG number #400 üëä‚Ä¶
2018-02-07 23:24:57,"RT @circleofcricket: #SAvInd, 3rd ODI: South Africa won the toss and elected to bowl first"
2018-02-07 23:24:51,"RT @BCCI: #TeamIndia win the 3rd ODI by 124 runs. Lead the six-match ODI series 
3-0 #SAvIND https://t.co/AVqQopWgHv"
2018-02-07 23:24:43,RT @harbhajan_singh: Congratulations @msdhoni 1st Indian and fourth wicketkeeper to effect 400 dismissals #SAvIND that‚Äôs BIG number #400 üëä‚Ä¶
2018-02-07 23:24:37,"RT @ICC: India captain Virat Kohli battled through cramp to post 160*, his second-highest ODI score. #SAvIND https://t.co/khcRyKg35a"
2018-02-07 23:24:00,"RT @cricbuzz: Dhoni's 22-ball toil is over. Out for 10

https://t.co/qX2eopazZ7 #SAvIND"
2018-02-07 23:23:47,"#India have completed their 481st win in #ODI #Cricket.

#SAvIND #INDvSA"
2018-02-07 23:23:42,"RT @mohanstatsman: Virat Kohli - batting average
53.40 in Tests
57.34 in ODIs
52.86 in T20Is
--
55.45 in all international formats
#SAvInd"
2018-02-07 23:23:25,RT @siphose2skepu: @OfficialCSA #SAvIND #SSCricket proteas batsmen today against Indian spin! https://t.co/USumq0ItUb
2018-02-07 23:22:50,RT @ICC: Virat Kohli is Player of the Match for his superb 160* from just 159 balls! #SAvIND https://t.co/tvyI0J6VNz
2018-02-07 23:22:42,"RT @bet365: Virat Kohli has now scored more ODI centuries (34) than David Warner, Joe Root and Steve Smith combined.

üëè 

#SAvIND https://t‚Ä¶"
2018-02-07 23:22:17,"RT @mohanstatsman: Virat Kohli - batting average
53.40 in Tests
57.34 in ODIs
52.86 in T20Is
--
55.45 in all international formats
#SAvInd"
2018-02-07 23:21:32,RT @BCCI: Man or machine? @imVkohli gets to his 34th ODI ton. Stand up and salute the master #TeamIndia #SAvIND https://t.co/LYnYT8k6Bx
2018-02-07 23:20:24,Rohit Sharma‚Äôs ODI average jn #SouthAfrica is 12.10. Flat track bully?? #INDvsSA #INDvsSA #SAvIND #Cricket
2018-02-07 23:20:12,RT @harbhajan_singh: Congratulations @msdhoni 1st Indian and fourth wicketkeeper to effect 400 dismissals #SAvIND that‚Äôs BIG number #400 üëä‚Ä¶
2018-02-07 23:20:05,RT @MichaelVaughan: Yet another üíØ for @imVkohli ... the hunger &amp; consistency is remarkable ... the Greatest ever ODI player ??? #SAvIND
2018-02-07 23:18:27,"RT @BCCI: #TeamIndia win the 3rd ODI by 124 runs. Lead the six-match ODI series 
3-0 #SAvIND https://t.co/AVqQopWgHv"
2018-02-07 23:18:01,"RT @RoflGandhi_: If Sardar Patel would have been the opener for South Africa, they would have won the series already. #INDvSA"
2018-02-07 23:17:49,"RT @OfficialCSA: WICKET | Zondo c sub Pandey b Chahal 17
SA 150/7 36.1 overs
#MomentumODI #SAvIND"
2018-02-07 23:17:45,RT @MichaelVaughan: Yet another üíØ for @imVkohli ... the hunger &amp; consistency is remarkable ... the Greatest ever ODI player ??? #SAvIND
2018-02-07 23:17:40,"RT @OfficialCSA: #CSAnews Mandhana and Yadav seal ODI series for India women https://t.co/534hAvnP9o

#ProteasWomen #SAvIND https://t.co/3o‚Ä¶"
2018-02-07 23:17:40,RT @WisdenIndia: .@imVkohli‚Äôs stellar tour with the bat continues as he brings up his 34th ODI ton setting India up for big score. #SAvIND‚Ä¶
2018-02-07 23:17:29,"#India Women have completed their 138th win in Women's #ODI #Cricket. 

#SAvIND #INDvSA"
2018-02-07 23:17:01,"RT @OfficialCSA: It's all over at Newlands, SA 179 ALL OUT. India win the 3rd #MomentumODI by 124 runs. #SAvIND https://t.co/gqoryvKMgl"
2018-02-07 23:16:56,"RT @OfficialCSA: #CSAnews Mandhana and Yadav seal ODI series for India women https://t.co/534hAvnP9o

#ProteasWomen #SAvIND https://t.co/3o‚Ä¶"
2018-02-07 23:16:05,"Congratulations to men in blue.
3-0 lead in the series.
#SAvIND  #INDvSA https://t.co/4bwLztcJe5"
2018-02-07 23:16:04,"RT @mohanstatsman: Virat Kohli - batting average
53.40 in Tests
57.34 in ODIs
52.86 in T20Is
--
55.45 in all international formats
#SAvInd"
2018-02-07 23:16:00,RT @MichaelVaughan: Yet another üíØ for @imVkohli ... the hunger &amp; consistency is remarkable ... the Greatest ever ODI player ??? #SAvIND
2018-02-07 23:15:36,"RT @SirJadeja: Great To See Virat Kohli &amp; Rohit Sharma Both Playing To Their Potential On Foreign PitchesüôàüôÉüôä 

#INDvSA #INDvsSA #SAvIND #SA‚Ä¶"
2018-02-07 23:15:35,RT @harbhajan_singh: Congratulations @msdhoni 1st Indian and fourth wicketkeeper to effect 400 dismissals #SAvIND that‚Äôs BIG number #400 üëä‚Ä¶
2018-02-07 23:14:54,"RT @RoflGandhi_: If Sardar Patel would have been the opener for South Africa, they would have won the series already. #INDvSA"
2018-02-07 23:14:49,RT @harbhajan_singh: Congratulations @msdhoni 1st Indian and fourth wicketkeeper to effect 400 dismissals #SAvIND that‚Äôs BIG number #400 üëä‚Ä¶
2018-02-07 23:14:04,"RT @bet365: Virat Kohli has now scored more ODI centuries (34) than David Warner, Joe Root and Steve Smith combined.

üëè 

#SAvIND https://t‚Ä¶"
2018-02-07 23:13:35,"RT @RoflGandhi_: If Sardar Patel would have been the opener for South Africa, they would have won the series already. #INDvSA"
2018-02-07 23:13:25,RT @RVCJ_FB: #SAvIND : India beat South Africa by 124 Runs in 3rd ODI https://t.co/I96fvwV3li
2018-02-07 23:13:11,"RT @SirJadeja: India Beat South Africa By 124 Runs, This is India's Biggest Win Against South Africa In South Africa. üí™üôèüáÆüá≥¬†#INDvSA #INDvsSA‚Ä¶"
2018-02-07 23:13:09,"RT @Atheist_Krishna: Prediction Time.
India Vs South Africa
3rd ODI, Cape Town

South Africa will win 100%

#INDvSA"
2018-02-07 23:12:58,"RT @IExpressSports: #IndvSA

Virat Kohli shines to lead India to a big win in South Africa

PHOTOS: https://t.co/R8aN5S1egm"
2018-02-07 23:12:02,"RT @BCCI: And, the Run Machine continues, brings up his 150 off 157 balls #SAvIND https://t.co/Ew7epAiQxW"
2018-02-07 23:11:20,"RT @BCCI: #TeamIndia win the 3rd ODI by 124 runs. Lead the six-match ODI series 
3-0 #SAvIND https://t.co/AVqQopWgHv"
2018-02-07 23:11:17,RT @ICC: Virat Kohli is Player of the Match for his superb 160* from just 159 balls! #SAvIND https://t.co/tvyI0J6VNz
2018-02-07 23:10:49,Bill? @Corpse_in_Pads South Africa have imported pitches from subcontinent to give India a home feel in this odi series. #indvsa
2018-02-07 23:10:28,RT @harbhajan_singh: Congratulations @msdhoni 1st Indian and fourth wicketkeeper to effect 400 dismissals #SAvIND that‚Äôs BIG number #400 üëä‚Ä¶
2018-02-07 23:10:27,"RT @BCCI: #TeamIndia win the 3rd ODI by 124 runs. Lead the six-match ODI series 
3-0 #SAvIND https://t.co/AVqQopWgHv"
2018-02-07 23:09:38,"RT @SirJadeja: Great To See Virat Kohli &amp; Rohit Sharma Both Playing To Their Potential On Foreign PitchesüôàüôÉüôä 

#INDvSA #INDvsSA #SAvIND #SA‚Ä¶"
2018-02-07 23:09:14,"RT @BCCI: #TeamIndia win the 3rd ODI by 124 runs. Lead the six-match ODI series 
3-0 #SAvIND https://t.co/AVqQopWgHv"
2018-02-07 23:08:30,RT @BCCI: Man or machine? @imVkohli gets to his 34th ODI ton. Stand up and salute the master #TeamIndia #SAvIND https://t.co/LYnYT8k6Bx
2018-02-07 23:08:13,RT @MichaelVaughan: Yet another üíØ for @imVkohli ... the hunger &amp; consistency is remarkable ... the Greatest ever ODI player ??? #SAvIND
2018-02-07 23:07:57,"RT @OfficialCSA: #CSAnews Mandhana and Yadav seal ODI series for India women https://t.co/534hAvnP9o

#ProteasWomen #SAvIND https://t.co/3o‚Ä¶"
2018-02-07 23:07:53,RT @harbhajan_singh: Congratulations @msdhoni 1st Indian and fourth wicketkeeper to effect 400 dismissals #SAvIND that‚Äôs BIG number #400 üëä‚Ä¶
2018-02-07 23:07:43,What if @imVkohli is an alien from another Universe and acting as a human so that other aliens from that Universe c‚Ä¶ https://t.co/8V4Oa90mmd
2018-02-07 23:07:33,RT @BCCI: Man or machine? @imVkohli gets to his 34th ODI ton. Stand up and salute the master #TeamIndia #SAvIND https://t.co/LYnYT8k6Bx
2018-02-07 23:07:05,RT @BCCI: 3rd ODI. It's all over! India won by 124 runs https://t.co/EiLC39HcbG #SAvInd #TeamIndia
2018-02-07 23:07:01,"RT @BCCI: #TeamIndia win the 3rd ODI by 124 runs. Lead the six-match ODI series 
3-0 #SAvIND https://t.co/AVqQopWgHv"
2018-02-07 23:06:43,"RT @OfficialCSA: It's all over at Newlands, SA 179 ALL OUT. India win the 3rd #MomentumODI by 124 runs. #SAvIND https://t.co/gqoryvKMgl"
2018-02-07 23:06:14,RT @gauravkalra75: Once two fellows called Kuldeep and Yuzuvendra came to South Africa. The wrist is history #SAvIND
2018-02-07 23:05:40,"RT @RoflGandhi_: If Sardar Patel would have been the opener for South Africa, they would have won the series already. #INDvSA"
2018-02-07 23:05:39,RT @harbhajan_singh: Congratulations @msdhoni 1st Indian and fourth wicketkeeper to effect 400 dismissals #SAvIND that‚Äôs BIG number #400 üëä‚Ä¶
2018-02-07 23:05:29,RT @cricketaakash: SA trails Kohli by 10 runs....four wickets to go. #SAvIND
2018-02-07 23:05:29,RT @ICC: Virat Kohli is Player of the Match for his superb 160* from just 159 balls! #SAvIND https://t.co/tvyI0J6VNz
2018-02-07 23:05:17,RT @jamie_alterTOI: Just an unbelievably talented and driven cricketer. #Kohli #SAvIND
2018-02-07 23:05:15,#INDvSA 3rd ODI: India (303/6) beat South Africa (179-all out) by 124 runs
2018-02-07 23:05:07,RT @NaeemahBenjamin: One of the greatest innings I've watched! Love him or hate him. Kohli is on another level! #SAvIND
2018-02-07 23:04:58,"#TeamIndia win the 3rd ODI by 124 runs. Lead the six-match ODI series 
3-0 #SAvIND 
#34th #ODI century 
#12th as ca‚Ä¶ https://t.co/sE3cyYvQYs"
2018-02-07 23:04:43,"RT @mohanstatsman: Virat Kohli - batting average
53.40 in Tests
57.34 in ODIs
52.86 in T20Is
--
55.45 in all international formats
#SAvInd"
2018-02-07 23:04:43,RT @harbhajan_singh: Congratulations @msdhoni 1st Indian and fourth wicketkeeper to effect 400 dismissals #SAvIND that‚Äôs BIG number #400 üëä‚Ä¶
2018-02-07 23:04:33,RT @NaeemahBenjamin: One of the greatest innings I've watched! Love him or hate him. Kohli is on another level! #SAvIND
2018-02-07 23:04:26,"RT @Being_Humor: ‚ÄúWell played! Opposition stunned‚Äù
‚ÄúHaha! Same to you‚Äù

#INDvSA #ModiHitsBack https://t.co/u8ocHWfd6y"
2018-02-07 23:04:18,RT @MichaelVaughan: Yet another üíØ for @imVkohli ... the hunger &amp; consistency is remarkable ... the Greatest ever ODI player ??? #SAvIND
2018-02-07 23:03:45,"RT @Being_Humor: ‚ÄúWell played! Opposition stunned‚Äù
‚ÄúHaha! Same to you‚Äù

#INDvSA #ModiHitsBack https://t.co/u8ocHWfd6y"
2018-02-07 23:03:25,"RT @CHAIHOLIC_: Smriti Mandhana is back!
What a knock she played! #SAvIND"
2018-02-07 23:02:53,"RT @Pranjultweet: Hardik Pandya is the second Gujarati after Mahatma Gandhi, thrashing South Africa when no one was there. #INDvSA #SAvIND"
2018-02-07 23:02:38,RT @harbhajan_singh: Congratulations @msdhoni 1st Indian and fourth wicketkeeper to effect 400 dismissals #SAvIND that‚Äôs BIG number #400 üëä‚Ä¶
2018-02-07 23:02:17,RT @AnilKapoor: #TeamIndia rules the field yet again!Congratulations!! It‚Äôs been a great day for Indian cricket! #INDvSA #3rdODI https://t.‚Ä¶
2018-02-07 23:01:49,Man of the match  #SAvIND https://t.co/LMC0fCRTO0
2018-02-07 23:01:37,RT @jamie_alterTOI: Just an unbelievably talented and driven cricketer. #Kohli #SAvIND
2018-02-07 23:01:30,"RT @OfficialCSA: #MilestoneAlert
Congratulations to Trisha Chetty who is playing her 100th ODI today! #ProteasWomen #AlwaysRising #SAvIND h‚Ä¶"
2018-02-07 23:00:36,"RT @ICC: India captain Virat Kohli battled through cramp to post 160*, his second-highest ODI score. #SAvIND https://t.co/khcRyKg35a"
2018-02-07 23:00:15,"RT @mohanstatsman: Virat Kohli - batting average
53.40 in Tests
57.34 in ODIs
52.86 in T20Is
--
55.45 in all international formats
#SAvInd"
2018-02-07 23:00:09,"RT @BCCI: #TeamIndia win the 3rd ODI by 124 runs. Lead the six-match ODI series 
3-0 #SAvIND https://t.co/AVqQopWgHv"
2018-02-07 22:59:44,RT @ICC: Virat Kohli is Player of the Match for his superb 160* from just 159 balls! #SAvIND https://t.co/tvyI0J6VNz
2018-02-07 22:58:59,"RT @ChennaiIPL: A quadruple century of a different kind. üíõü¶Å
#WhistlePodu #Thala400Dismissals #SAvIND https://t.co/uG9DdS3s98"
2018-02-07 22:58:48,"RT @BCCI: #TeamIndia win the 3rd ODI by 124 runs. Lead the six-match ODI series 
3-0 #SAvIND https://t.co/AVqQopWgHv"
2018-02-07 22:58:39,"RT @MrFunyMan: ‚ÄúYour timing is amazing‚Äù
‚ÄúYours too‚Äù

#ModiHitsBack #INDvSA https://t.co/SI1MuMsofV"
2018-02-07 22:58:26,"RT @BCCI: #TeamIndia win the 3rd ODI by 124 runs. Lead the six-match ODI series 
3-0 #SAvIND https://t.co/AVqQopWgHv"
2018-02-07 22:57:42,RT @MichaelVaughan: Yet another üíØ for @imVkohli ... the hunger &amp; consistency is remarkable ... the Greatest ever ODI player ??? #SAvIND
2018-02-07 22:57:02,"RT @hemangkbadani: A Magician with a reaction time like no one
#TracerBullet @msdhoni #400 #SAvIND https://t.co/Pp7U8mOvsV"
2018-02-07 22:56:49,"RT @Being_Humor: ‚ÄúWell played! Opposition stunned‚Äù
‚ÄúHaha! Same to you‚Äù

#INDvSA #ModiHitsBack https://t.co/u8ocHWfd6y"
2018-02-07 22:56:49,RT @ICC: Virat Kohli is Player of the Match for his superb 160* from just 159 balls! #SAvIND https://t.co/tvyI0J6VNz
2018-02-07 22:56:45,"RT @RhitiSports: Dominating the ODIs is our #TeamIndia which did a demolition job on Proteas in Cape Town. #IndvSA #MenInBlue 

A big CONGR‚Ä¶"
2018-02-07 22:56:36,"RT @TeamVirat: Team India Won The 3rd ODI By 124 Runs &amp; Lead The Series By 3-0! 

(PIC Credit - BCCI) #SAvIND https://t.co/1J9uDdZYe6"
2018-02-07 22:56:24,RT @BCCIWomen: .@vedakmurthy08 scores a sparkling fifty in the 2nd ODI against South Africa #SAvIND https://t.co/EfPX9QivAv
2018-02-07 22:56:00,"RT @mohanstatsman: Virat Kohli - batting average
53.40 in Tests
57.34 in ODIs
52.86 in T20Is
--
55.45 in all international formats
#SAvInd"
2018-02-07 22:55:26,"Never has a #INDvsSA #ODI series been so one-sided in favour of India. For the #Proteas, a classic, 'you are only o‚Ä¶ https://t.co/vtFKAR2KLr"
2018-02-07 22:54:56,RT @harbhajan_singh: Congratulations @msdhoni 1st Indian and fourth wicketkeeper to effect 400 dismissals #SAvIND that‚Äôs BIG number #400 üëä‚Ä¶
2018-02-07 22:54:52,RT @BCCIWomen: 2nd ODI: @mandhana_smriti  scores first century of the ODI series #SAvIND https://t.co/HIALaFArvk
2018-02-07 22:54:40,RT @harbhajan_singh: Congratulations @msdhoni 1st Indian and fourth wicketkeeper to effect 400 dismissals #SAvIND that‚Äôs BIG number #400 üëä‚Ä¶
2018-02-07 22:54:35,RT @gauravkalra75: Once two fellows called Kuldeep and Yuzuvendra came to South Africa. The wrist is history #SAvIND
2018-02-07 22:53:58,"RT @monicas004: The Centurian(s)
 #SAWvINDW          #SAvInd https://t.co/rmlO9lDtDU"
2018-02-07 22:53:29,RT @MichaelVaughan: He is at is again .. The Greatest chaser the game has ever seen .. #Fact #SAvIND @imVkohli
2018-02-07 22:53:09,"RT @mohanstatsman: Virat Kohli - batting average
53.40 in Tests
57.34 in ODIs
52.86 in T20Is
--
55.45 in all international formats
#SAvInd"
2018-02-07 22:53:00,RT @DrDanDiaper: An impression of the close field setting for Kuldeep to Zonda; Miller backing up; MS Dhohi keeping. #SAvIND @abdulhayemeht‚Ä¶
2018-02-07 22:52:42,"RT @SirJadeja: India Would Have Beaten South Africa In Test Series As Well, If Only Test Matches Were Played In ODI Jerseys. üòÇüôèüáÆüá≥  #INDvSA‚Ä¶"
2018-02-07 22:52:07,RT @harbhajan_singh: Congratulations @msdhoni 1st Indian and fourth wicketkeeper to effect 400 dismissals #SAvIND that‚Äôs BIG number #400 üëä‚Ä¶
2018-02-07 22:52:01,"RT @mohanstatsman: Virat Kohli - batting average
53.40 in Tests
57.34 in ODIs
52.86 in T20Is
--
55.45 in all international formats
#SAvInd"
2018-02-07 22:51:51,"RT @ESPNcricinfo: An ODI century machine like no other: Virat Kohli gets to No. 34! 

https://t.co/Of1MO3rmIP #SAvIND https://t.co/uLxuIaSi‚Ä¶"
2018-02-07 22:51:26,"RT @AamirKhan_2: Man or machine? @imVkohli gets to his 34th ODI ton. Stand up and salute the master #TeamIndia #SAvIND
#AamirKhan
#ViratKoh‚Ä¶"
2018-02-07 22:51:18,RT @CricProf: No ODI team average less against wrist-spin than South Africa since the Champions Trophy. #SAvIND https://t.co/k35tu94hRB
2018-02-07 22:50:32,@hardikpandya7 next game may be the last game you play before you get dropped. So let's get that great performance‚Ä¶ https://t.co/hSUksDrpEY
2018-02-07 22:50:20,"RT @mohanstatsman: Virat Kohli - batting average
53.40 in Tests
57.34 in ODIs
52.86 in T20Is
--
55.45 in all international formats
#SAvInd"
2018-02-07 22:50:15,RT @harbhajan_singh: Congratulations @msdhoni 1st Indian and fourth wicketkeeper to effect 400 dismissals #SAvIND that‚Äôs BIG number #400 üëä‚Ä¶
2018-02-07 22:49:45,@imVkohli running out of words to describe this superhuman. Batting at a different level. #greatestofthisgeneration #SAvIND
2018-02-07 22:49:04,"RT @BCCI: #TeamIndia win the 3rd ODI by 124 runs. Lead the six-match ODI series 
3-0 #SAvIND https://t.co/AVqQopWgHv"
2018-02-07 22:48:41,Just missed the double century by 200 runs. #justmiss #Hitman #RohitSharma @Cricketracker #BANvSL #ManjotKalra‚Ä¶ https://t.co/pc33Lgb359
2018-02-07 22:48:18,The South African batsmen have been totally bamboozled by the Indian spin duo Kuldeep and Chahal. It's been embarra‚Ä¶ https://t.co/DAu9ZnevLD
2018-02-07 22:48:10,RT @harbhajan_singh: Congratulations @msdhoni 1st Indian and fourth wicketkeeper to effect 400 dismissals #SAvIND that‚Äôs BIG number #400 üëä‚Ä¶
2018-02-07 22:48:07,RT @harbhajan_singh: Congratulations @msdhoni 1st Indian and fourth wicketkeeper to effect 400 dismissals #SAvIND that‚Äôs BIG number #400 üëä‚Ä¶
2018-02-07 22:47:27,"RT @Sassy_Soul_: That moment when you start choking and you realize this is not India so you can't even blame the pitch.
#INDvSA #INDvsSA h‚Ä¶"
2018-02-07 22:46:32,Half way there #SAvIND https://t.co/RiEVHyvKTG
2018-02-07 22:46:08,RT @i_m_richie: He is not a legend in the making. He is a legend already @imVkohli #SAvIND https://t.co/T8uRIX7ZJH
2018-02-07 22:45:52,"RT @ChennaiIPL: Bumrah be like ""Why should batsmen have all the fun?""
#FirstBallWickets #WhistlePodu #SAvIND ü¶Åüíõ"
2018-02-07 22:45:01,RT @BCCI: Man or machine? @imVkohli gets to his 34th ODI ton. Stand up and salute the master #TeamIndia #SAvIND https://t.co/LYnYT8k6Bx
2018-02-07 22:44:40,RT @harbhajan_singh: Congratulations @msdhoni 1st Indian and fourth wicketkeeper to effect 400 dismissals #SAvIND that‚Äôs BIG number #400 üëä‚Ä¶
2018-02-07 22:43:44,"#TeamIndia win the 3rd ODI by 124 runs. Lead the six-match ODI series 
3-0 #SAvIND"
2018-02-07 22:43:24,"RT @bet365: Virat Kohli has now scored more ODI centuries (34) than David Warner, Joe Root and Steve Smith combined.

üëè 

#SAvIND https://t‚Ä¶"
2018-02-07 22:42:50,"RT @ICC: India captain Virat Kohli battled through cramp to post 160*, his second-highest ODI score. #SAvIND https://t.co/khcRyKg35a"
2018-02-07 22:42:28,"RT @ChennaiIPL: A quadruple century of a different kind. üíõü¶Å
#WhistlePodu #Thala400Dismissals #SAvIND https://t.co/uG9DdS3s98"
2018-02-07 22:42:18,RT @MichaelVaughan: Yet another üíØ for @imVkohli ... the hunger &amp; consistency is remarkable ... the Greatest ever ODI player ??? #SAvIND
2018-02-07 22:41:57,"Wow what a thumping win by Team India! Once again a true captains knock by @imVkohli , just too good! #INDvSA‚Ä¶ https://t.co/H9dMZIcwvX"
2018-02-07 22:41:27,"RT @msdfanofficial: MS Dhoni becomes fourth wicketkeeper to effect 400 dismissals in ODIs.

Congratulations, @msdhoni üôå

#SAvIND #INDvSA"
2018-02-07 22:41:22,"RT @mohanstatsman: Virat Kohli - batting average
53.40 in Tests
57.34 in ODIs
52.86 in T20Is
--
55.45 in all international formats
#SAvInd"
2018-02-07 22:40:33,"RT @BCCI: #TeamIndia win the 3rd ODI by 124 runs. Lead the six-match ODI series 
3-0 #SAvIND https://t.co/AVqQopWgHv"
2018-02-07 22:40:17,"RT @mohanstatsman: Virat Kohli - batting average
53.40 in Tests
57.34 in ODIs
52.86 in T20Is
--
55.45 in all international formats
#SAvInd"
2018-02-07 22:40:03,RT @gauravkalra75: Once two fellows called Kuldeep and Yuzuvendra came to South Africa. The wrist is history #SAvIND
2018-02-07 22:40:00,"RT @BCCI: #TeamIndia Playing XI for the 3rd ODI.

Follow the game here - https://t.co/EiLC39pAN6 #SAvIND https://t.co/Z9beGfmSNQ"
2018-02-07 22:39:44,RT @ZAbbasOfficial: What a player @imVkohli! #SAvIND
2018-02-07 22:39:37,RT @BCCI: Man or machine? @imVkohli gets to his 34th ODI ton. Stand up and salute the master #TeamIndia #SAvIND https://t.co/LYnYT8k6Bx
2018-02-07 22:39:27,RT @ICC: Virat Kohli is Player of the Match for his superb 160* from just 159 balls! #SAvIND https://t.co/tvyI0J6VNz
2018-02-07 22:39:24,RT @BCCIWomen: 2nd ODI: @ImHarmanpreet posts her first half-century of the tour #SAvIND https://t.co/063dM6wAME
2018-02-07 22:39:07,"RT @Saj_PakPassion: Virat Kohli so far in the ODI series against South Africa:
Innings 3
Runs 318
Average 318
#Cricket #SAvIND"
2018-02-07 22:38:59,"RT @Cricketracker: Another day, another milestone for MS Dhoni. #SAvIND https://t.co/KUX26hQPBi"
2018-02-07 22:38:40,RT @ICC: Virat Kohli is Player of the Match for his superb 160* from just 159 balls! #SAvIND https://t.co/tvyI0J6VNz
2018-02-07 22:38:28,RT @vijayshankar260: Champion @imVkohli stamps his class yet again!! 34 ODI hundreds &amp; counting #RunMachine .. @BCCI üôè#SAvIND https://t.co/‚Ä¶
2018-02-07 22:38:26,Virat scored ANOTHER ODI ton last night against South Africa. This guy is on another planet in white ball cricket.‚Ä¶ https://t.co/De6snuax5O
2018-02-07 22:38:23,"RT @ICC: India captain Virat Kohli battled through cramp to post 160*, his second-highest ODI score. #SAvIND https://t.co/khcRyKg35a"
2018-02-07 22:38:10,RT @gauravkalra75: Slo mos of Dhoni stumpings end really quickly #SAvIND
2018-02-07 22:37:29,RT @harbhajan_singh: Congratulations @msdhoni 1st Indian and fourth wicketkeeper to effect 400 dismissals #SAvIND that‚Äôs BIG number #400 üëä‚Ä¶
2018-02-07 22:36:42,RT @RVCJ_FB: #SAvIND : India beat South Africa by 124 Runs in 3rd ODI https://t.co/I96fvwV3li
2018-02-07 22:36:20,"What an innings by @imVkohli.
#KingKholi has taken his game at the level where no other batsman imagine to compete‚Ä¶ https://t.co/OaWnX8YjcF"
2018-02-07 22:35:21,"RT @mohanstatsman: Virat Kohli - batting average
53.40 in Tests
57.34 in ODIs
52.86 in T20Is
--
55.45 in all international formats
#SAvInd"
2018-02-07 22:34:46,"RT @BCCI_Women: During 2nd Match ‚úî
Well played @BCCIWomen
#SAWvINDW #SAvIND https://t.co/CtJp91izT1"
2018-02-07 22:34:28,"RT @Vuvu_RapQueen: Plz RT to help  #CapeFlats üò¢üò¢üíî
 
 #SONA2018 #SibanyeGold #ProteaFire #WRAD2018 #MichaelKomape #InTheSpotLight #SAvIND #T‚Ä¶"
2018-02-07 22:34:22,RT @harbhajan_singh: Congratulations @msdhoni 1st Indian and fourth wicketkeeper to effect 400 dismissals #SAvIND that‚Äôs BIG number #400 üëä‚Ä¶
2018-02-07 22:33:54,RT @ICC: Virat Kohli is Player of the Match for his superb 160* from just 159 balls! #SAvIND https://t.co/tvyI0J6VNz
2018-02-07 22:33:52,"RT @ICC: India captain Virat Kohli battled through cramp to post 160*, his second-highest ODI score. #SAvIND https://t.co/khcRyKg35a"
2018-02-07 22:33:34,All those troglodyke trollers of @ImRo45 brace yourself #INDvSA @SirJadeja u gonna get Fu**ed
2018-02-07 22:33:30,"RT @bet365: Virat Kohli has now scored more ODI centuries (34) than David Warner, Joe Root and Steve Smith combined.

üëè 

#SAvIND https://t‚Ä¶"
2018-02-07 22:33:17,RT @MichaelVaughan: Yet another üíØ for @imVkohli ... the hunger &amp; consistency is remarkable ... the Greatest ever ODI player ??? #SAvIND
2018-02-07 22:33:15,The latest The KRC Times! https://t.co/YTIz027Lj8 #indvsa #savind
2018-02-07 22:33:06,RT @MichaelVaughan: Yet another üíØ for @imVkohli ... the hunger &amp; consistency is remarkable ... the Greatest ever ODI player ??? #SAvIND
2018-02-07 22:32:40,"Breaking records @imVkohli getting use to this!!! #SAvIND 

Masterclass batting performanceüíôü§ô"
2018-02-07 22:32:24,"RT @ICC: India captain Virat Kohli battled through cramp to post 160*, his second-highest ODI score. #SAvIND https://t.co/khcRyKg35a"
2018-02-07 22:32:06,RT @ICC: Virat Kohli is Player of the Match for his superb 160* from just 159 balls! #SAvIND https://t.co/tvyI0J6VNz
2018-02-07 22:31:54,RT @TheCricketerMag: Kohli appears destined to claim Tendulkar's record in no time. #SAvIND  https://t.co/i3vNxf8pPD
2018-02-07 22:31:47,"RT @BCCI: #TeamIndia win the 3rd ODI by 124 runs. Lead the six-match ODI series 
3-0 #SAvIND https://t.co/AVqQopWgHv"
2018-02-07 22:31:06,"RT @imjsk27: ODIs üíØ as a Captain
VIRAT KOHLI : 12  (in 46 Matches)
All Pakistani captains : 12 (in 889 Matches)
@imVkohli
#SAvIND"
2018-02-07 22:30:29,"RT @mohanstatsman: Virat Kohli - batting average
53.40 in Tests
57.34 in ODIs
52.86 in T20Is
--
55.45 in all international formats
#SAvInd"
2018-02-07 22:30:21,What a proud moment indeed! Congrats #JhulanGoswami  on taking a landmark 200 ODI wickets today! First woman cricke‚Ä¶ https://t.co/yCrrzNmjQF
2018-02-07 22:30:09,"Wah, just catching up with the score, SA have yet again faltered against spin! #SAvIND"
2018-02-07 22:30:00,Kohli appears destined to claim Tendulkar's record in no time. #SAvIND  https://t.co/i3vNxf8pPD
2018-02-07 22:29:28,RT @ZAbbasOfficial: What a player @imVkohli! #SAvIND
2018-02-07 22:28:51,RT @AnilKapoor: #TeamIndia rules the field yet again!Congratulations!! It‚Äôs been a great day for Indian cricket! #INDvSA #3rdODI https://t.‚Ä¶
2018-02-07 22:28:46,"@imVkohli is a monster and should not been allowe to play with humans. Respect and love from Pakistan. 
#SAvIND"
2018-02-07 22:28:31,RT @MichaelVaughan: Yet another üíØ for @imVkohli ... the hunger &amp; consistency is remarkable ... the Greatest ever ODI player ??? #SAvIND
2018-02-07 22:26:23,"RT @ViratGang: ""Great win and great partnership with Jatt ji! üëåüëä"" - @imVkohli. @SDhawan25 @BCCI #SAvIND #TeamIndia #VGVK18FC https://t.co/l‚Ä¶"
2018-02-07 22:26:02,RT @ViratGang: [JUST IN] @imVkohli at the post-match presentation of 3rd #SAvIND ODI at Newlands Cricket Ground. (Source: @cricbuzz) @BCCI‚Ä¶
2018-02-07 22:25:36,RT @BCCI: Man or machine? @imVkohli gets to his 34th ODI ton. Stand up and salute the master #TeamIndia #SAvIND https://t.co/LYnYT8k6Bx
2018-02-07 22:25:24,"RT @mohanstatsman: Virat Kohli - batting average
53.40 in Tests
57.34 in ODIs
52.86 in T20Is
--
55.45 in all international formats
#SAvInd"
2018-02-07 22:25:19,"RT @RoflGandhi_: If Sardar Patel would have been the opener for South Africa, they would have won the series already. #INDvSA"
2018-02-07 22:25:12,"RT @BCCI: #TeamIndia win the 3rd ODI by 124 runs. Lead the six-match ODI series 
3-0 #SAvIND https://t.co/AVqQopWgHv"
2018-02-07 22:24:46,"RT @toisports: #SAvIND #INDvsSA
 
@msdhoni first Indian wicketkeeper to effect 400 dismissals in ODIs

üëâüèΩhttps://t.co/y3Ik8fS9zT https://t.‚Ä¶"
2018-02-07 22:24:45,"RT @Saj_PakPassion: Virat Kohli so far in the ODI series against South Africa:
Innings 3
Runs 318
Average 318
#Cricket #SAvIND"
2018-02-07 22:24:37,"Now,the only way SA can resist their Loss is by Sending @imVkohli,@yuzi_chahal
And @imkuldeep18 to the the SA tour.‚Ä¶ https://t.co/PZLMPu6C6O"
2018-02-07 22:24:03,RT @harbhajan_singh: Congratulations @msdhoni 1st Indian and fourth wicketkeeper to effect 400 dismissals #SAvIND that‚Äôs BIG number #400 üëä‚Ä¶
2018-02-07 22:23:58,"RT @ESPNcricinfo: An ODI century machine like no other: Virat Kohli gets to No. 34! 

https://t.co/Of1MO3rmIP #SAvIND https://t.co/uLxuIaSi‚Ä¶"
2018-02-07 22:23:50,RT @BCCI: Man or machine? @imVkohli gets to his 34th ODI ton. Stand up and salute the master #TeamIndia #SAvIND https://t.co/LYnYT8k6Bx
2018-02-07 22:23:47,"RT @BCCI: #TeamIndia win the 3rd ODI by 124 runs. Lead the six-match ODI series 
3-0 #SAvIND https://t.co/AVqQopWgHv"
2018-02-07 22:23:46,"RT @RoflGandhi_: If Sardar Patel would have been the opener for South Africa, they would have won the series already. #INDvSA"
2018-02-07 22:23:37,RT @ConsiderMeHappy: Nobody is praising Anushka Sharma when Virat Kohli is playing really good. #SAvIND
2018-02-07 22:23:33,"RT @ChennaiIPL: A quadruple century of a different kind. üíõü¶Å
#WhistlePodu #Thala400Dismissals #SAvIND https://t.co/uG9DdS3s98"
2018-02-07 22:23:30,He is not a legend in the making. He is a legend already @imVkohli #SAvIND https://t.co/T8uRIX7ZJH
2018-02-07 22:22:56,RT @vikrantgupta73: Virat Kohli is meanwhile 15 shy of Sachin Tendulkar‚Äôs 49 ODI 100s! Such an impact player in this format #INDvSA
2018-02-07 22:22:39,"RT @phenomenalAV: Mom goes to #hospital for check-up of his son &amp; what #doctor sagest.... #ThursdayThoughts
#ThursdayMotivation  #SAvIND ht‚Ä¶"
2018-02-07 22:22:23,"Aakhri Station New Drama OST and Lyrics| ARY Digita

Click Here for OST: https://t.co/5HuSloIQSh

Snapchat‚Ä¶ https://t.co/HLQlfRKDLn"
2018-02-07 22:22:15,"RT @mohanstatsman: Virat Kohli - batting average
53.40 in Tests
57.34 in ODIs
52.86 in T20Is
--
55.45 in all international formats
#SAvInd"
2018-02-07 22:21:44,RT @MichaelVaughan: Yet another üíØ for @imVkohli ... the hunger &amp; consistency is remarkable ... the Greatest ever ODI player ??? #SAvIND
2018-02-07 22:21:44,RT @ConsiderMeHappy: Nobody is praising Anushka Sharma when Virat Kohli is playing really good. #SAvIND
2018-02-07 22:21:30,Am no more in ecstasy after watching anyone's century in cricket the reason is @imVkohli #INDvSA #CenturyIsNothing
2018-02-07 22:21:00,"RT @ICC: India captain Virat Kohli battled through cramp to post 160*, his second-highest ODI score. #SAvIND https://t.co/khcRyKg35a"
2018-02-07 22:20:43,RT @iamyusufpathan: Another masterclass from the modern-day master. What a knock @imVkohli. Amazes me every time I watch him bat. #SAvIND
2018-02-07 22:20:35,"RT @Being_Humor: ‚ÄúWell played! Opposition stunned‚Äù
‚ÄúHaha! Same to you‚Äù

#INDvSA #ModiHitsBack https://t.co/u8ocHWfd6y"
2018-02-07 22:20:09,"RT @mohanstatsman: Virat Kohli - batting average
53.40 in Tests
57.34 in ODIs
52.86 in T20Is
--
55.45 in all international formats
#SAvInd"
2018-02-07 22:19:59,RT @ICC: Virat Kohli is Player of the Match for his superb 160* from just 159 balls! #SAvIND https://t.co/tvyI0J6VNz
2018-02-07 22:19:13,34 ODI hundreds for Kholi he is a run machine. He's scoring them for fun now thats how good he is. Don't think ther‚Ä¶ https://t.co/y3iwKv9tYn
2018-02-07 22:18:38,"RT @mohanstatsman: Virat Kohli - batting average
53.40 in Tests
57.34 in ODIs
52.86 in T20Is
--
55.45 in all international formats
#SAvInd"
2018-02-07 22:17:47,"RT @Being_Humor: ‚ÄúWell played! Opposition stunned‚Äù
‚ÄúHaha! Same to you‚Äù

#INDvSA #ModiHitsBack https://t.co/u8ocHWfd6y"
2018-02-07 22:17:46,Rohit Sharma throws away his wicket in matches where he does not have a chance of making a double century. #INDvSA
2018-02-07 22:17:27,"RT @BCCI: #TeamIndia win the 3rd ODI by 124 runs. Lead the six-match ODI series 
3-0 #SAvIND https://t.co/AVqQopWgHv"
2018-02-07 22:17:22,RT @BCCI: 3rd ODI. It's all over! India won by 124 runs https://t.co/EiLC39HcbG #SAvInd #TeamIndia
2018-02-07 22:17:21,"RT @BCCI: 39.6: WICKET! L Ngidi (6) is out, lbw Kuldeep Yadav, 179 all out https://t.co/EiLC39HcbG #SAvInd #TeamIndia"
2018-02-07 22:17:03,"RT @RoflGandhi_: If Sardar Patel would have been the opener for South Africa, they would have won the series already. #INDvSA"
2018-02-07 22:16:50,RT @gauravkalra75: Once two fellows called Kuldeep and Yuzuvendra came to South Africa. The wrist is history #SAvIND
2018-02-07 22:16:00,RT @pinkvilla: #AnushkaSharma can't stop gushing over #ViratKohli's performance in #INDvSA 3rd ODI https://t.co/3pseaed3Gf @AnushkaSharma @‚Ä¶
