2018-02-04 02:03:30,"RT @gandabherunda: #UC19WC win should settle the matter finally on who's the greatest cricketer India has ever produced,Maybe even in the w…"
2018-02-03 09:47:39,"RT @gandabherunda: #UC19WC win should settle the matter finally on who's the greatest cricketer India has ever produced,Maybe even in the w…"
2018-02-03 08:49:16,"World cup for #Dravid
Certainly no one deserves it more than him 
#ThaWall
Dravid ❤

#UC19WC"
2018-02-03 08:09:16,"#India are #WorldChampions, for a fourth time. They beat #Australia by eight wickets to lift the #U19WorldCup… https://t.co/UGj37Iy4ZO"
2018-02-03 08:06:44,"RT @gandabherunda: #UC19WC win should settle the matter finally on who's the greatest cricketer India has ever produced,Maybe even in the w…"
2018-02-03 08:06:25,"RT @gandabherunda: #UC19WC win should settle the matter finally on who's the greatest cricketer India has ever produced,Maybe even in the w…"
2018-02-03 08:06:10,"RT @gandabherunda: #UC19WC win should settle the matter finally on who's the greatest cricketer India has ever produced,Maybe even in the w…"
2018-02-03 08:03:08,"RT @gandabherunda: #UC19WC win should settle the matter finally on who's the greatest cricketer India has ever produced,Maybe even in the w…"
2018-02-03 07:58:57,"#UC19WC win should settle the matter finally on who's the greatest cricketer India has ever produced,Maybe even in… https://t.co/yYBgljVaTe"
2018-02-03 07:54:13,Tiranga flies high at Tauranga #U19CWCFinal #uc19wc
